HITID,App Name,Text,Worker1,Answer1,Worker2,Answer2,Agreement,Answer,Date
3GKAWYFRAPTMWJL5L7AKE1XJAIBPDB,Yo,great the yo ha,A2YAYHZYI7M3HD,Sarcastic,AS9E0S6DBSWH7,Sarcastic,Yes,Sarcastic,2015-11-09 23:34:45 UTC
3BCRDCM0ODUM0J9AYSXYCE1SZMIK6D,Yo,"This app really makes my heart beat fast! I love to use it to let my neighbor know I towed his car. Also, sharing my location while driving allows me to confuse my haters. Keep it up Yo. You have changed the game!",A1102MP1CZI32V,Sarcastic,A3ITZNJQUTIZ4C,Sarcastic,Yes,Sarcastic,2015-11-09 23:30:05 UTC
3SU800BH86STDXX67FFYO6RH1ESUQH,Yo,THIS APP IS THE GREATEST THING I HAVE EVER KNOWN. IT CURED MY CANCER AND HELPED ME FIND GOD. IT HELPED ME WITH MY MARRIAGE AND NOW I HAVE REGULAR SEXUAL RELATIONS WITH MY WIFE. THANKYOU YO. YOU ARE A LIFE SAVER. AMEN,A2QLSHXNCHBRN4,Sarcastic,A2YAYHZYI7M3HD,Sarcastic,Yes,Sarcastic,2015-11-09 23:35:47 UTC
375VSR8FVW9ABX6GQH36AOG1ZI9RZ4,Yo,I yo everything. Even the cat. You gotta help me with this problem!,A1ET2J1PIP0RGO,Sarcastic,A2YAYHZYI7M3HD,Sarcastic,Yes,Sarcastic,2015-11-09 23:37:44 UTC
3W31J70BASWBG0IB8JA1YET2V8TCKX,SPACE DEADBEEF,You sicken me,A2MCG5W6LHSRG9,Sarcastic,A2QLSHXNCHBRN4,Sarcastic,Yes,Sarcastic,2015-11-10 00:11:59 UTC
3MJ28H2Y1E8976UBR1FMRP41NWGO5K,"My Astrologer – Free Psychic Horoscope Readings, Love Compatibility Calculator Test and Astrology Zodiac Sign Prediction by Birth Chart","They've been giving me real accurate answers. Still waiting on something I asked this week about money. They said it'll happen, so I will keep yall informed.",A2QLSHXNCHBRN4,Sarcastic,AHZK68L2UCA70,Sarcastic,Yes,Sarcastic,2015-11-09 23:47:50 UTC
3CMIQF80GNQ8BM75BXHV80D1YSA6QR,I Am Important,I love this app it changes my life now I have one million friends!!?,A3SCIIYNCV4I88,Sarcastic,ACVEFRSUAPSEQ,Sarcastic,Yes,Sarcastic,2015-11-09 23:51:11 UTC
3M4KL7H8KVNKUINOQIRG7Z5TQGI16R,Is it Dark Outside,This app is the most amazing thing in ever. Instead of looking slightly to the left I can go through 30 steps to see if it is dark. Simply amazing,A1102MP1CZI32V,Sarcastic,A2V3GBDTA9KEU0,Sarcastic,Yes,Sarcastic,2015-11-09 23:38:32 UTC
3W0KKJIARR994XSYR7UWWSXJ5H8K8Z,Is it Dark Outside,Had you ever had a situation when your not able to access to a window? This is the app for you. Do you live under a rock? Also for you. Are you an idiot that downloaded this app? Probably.,A1102MP1CZI32V,Sarcastic,A2QLSHXNCHBRN4,Sarcastic,Yes,Sarcastic,2015-11-09 23:38:39 UTC
3566S7OX5DJ3YI1T9SW8DD5PLR217Q,Is it Dark Outside,I can make sure if it's dark outside or not without having to look out my window!,A2V3GBDTA9KEU0,Sarcastic,A2YAYHZYI7M3HD,Sarcastic,Yes,Sarcastic,2015-11-09 23:42:31 UTC
3BC9H1KCYUCFE3DXTPBTJGFGL3JYWM,Is it Dark Outside,This app has officially replaced the clock,A2YAYHZYI7M3HD,Sarcastic,ALVNMQMD3Q3ZE,Sarcastic,Yes,Sarcastic,2015-11-09 23:39:48 UTC
39RRBHZ0AU1244NXZ18GBL54KOLVZ0,Is it Dark Outside,"GET READY TO GET FAT PEOPLE AS TECNOLOGY IMPROVES WE GET LAZY AND FAT, not SEXY",A1ET2J1PIP0RGO,Sarcastic,A2V3GBDTA9KEU0,Sarcastic,Yes,Sarcastic,2015-11-09 23:39:43 UTC
3PR3LXCWSFZF22AFVIFZMI0WLW5X9Q,Is it Dark Outside,"I'm really glad i found this app! I was wonder why I couldn't see in my room without a light. But with this app I can now know that I'm not blind it's just dark outside!!
10/10 would STRONGLY recommend!!",A2V3GBDTA9KEU0,Sarcastic,A3D9L5CQXK1YJL,Sarcastic,Yes,Sarcastic,2015-11-09 23:45:11 UTC
3QE4DGPGBRB3JA9DPDJ4HOPLWEV4G9,Is it Dark Outside,This app is so helpful before I got this app I couldn't tell if it was day or night in my shell -Larry The Turtle,A1ET2J1PIP0RGO,Sarcastic,A2V3GBDTA9KEU0,Sarcastic,Yes,Sarcastic,2015-11-09 23:39:58 UTC
3XDJY5RK5SLMOSA89I8LL3QC5M9U4Y,Is it Dark Outside,"Wow! after downloading this app I've realized how
hard my life had been without it! no longer do I have to get up and look through my window! now all I have to do is grab my phone and I'll instantly know if I'm able to walk my pet iguana outside. it's very dangerous to go outside if it's dark. thanks to this app I no longer have to worry!",A2QLSHXNCHBRN4,Sarcastic,A2YAYHZYI7M3HD,Sarcastic,Yes,Sarcastic,2015-11-09 23:38:49 UTC
31ODACBENUFDYK52IAKY959TGH6QSW,Is it Dark Outside,This app is so more amazing than going up stairs and looking through a window,A2YAYHZYI7M3HD,Sarcastic,A3D9L5CQXK1YJL,Sarcastic,Yes,Sarcastic,2015-11-09 23:44:50 UTC
3ULIZ0H1VA5OBENALZHBFTRTUL715B,Is it Dark Outside,"Ya know, I really did not think this app was going to work. I thought it was just some cheap knockoff and was a scam. But I got it because it's free and I was curious to see if it actually works. Believe it or not, It does work! It's really a good app! I couldn't believe it but I love it now! It works every time! I only knew about this app because it was on good mythical morning, ""apps that you wouldn't believe existed"" and I got curious to see if it was actually real like they said, and it was really surprising! Anyway I would totally recommend this app. It's really helpful if your the type who hides in a blanket all day. (Not trying to offend anyone.i do it sometimes) anyway, you should get the app!",A2QLSHXNCHBRN4,Sarcastic,A3D9L5CQXK1YJL,Sarcastic,Yes,Sarcastic,2015-11-09 23:43:56 UTC
38G0E1M85M5LI5TNTE98UTQPI67UVB,Is it Dark Outside,"well now I don't have to look out my window (':

THANK YOU FOR THIS APP",A2QLSHXNCHBRN4,Sarcastic,A2YAYHZYI7M3HD,Sarcastic,Yes,Sarcastic,2015-11-09 23:41:05 UTC
37SDSEDIN927YW6CJXOERD1KWB818D,Is it Dark Outside,Wow! Being a vampire is hard everyday I have to wake up thinking I might die! It's hard enough feeding on humans they are truly disgusting! This app has saved my life! Now instead of risking death by cracking open a curtain I can check this app! Once my idiotic maid told me it was dark outside so I could go hunt but she lied because I checked the app then had a great steak! #life issweet,A1ET2J1PIP0RGO,Sarcastic,A2QLSHXNCHBRN4,Sarcastic,Yes,Sarcastic,2015-11-09 23:41:39 UTC
31YWE12TE0CBOJMMGLHF8M9QQ6HX7E,Is it Dark Outside,This app is great for people who need to know if it's dark outside!! Much cheaper than buying a window!!!,A2QLSHXNCHBRN4,Sarcastic,A3D9L5CQXK1YJL,Sarcastic,Yes,Sarcastic,2015-11-09 23:45:30 UTC
3UEDKCTP9VQ54JNFH22QIS1OUX2K7C,Is it Dark Outside,This app tells if it is dark and it's cheaper than buying Windows,A2QLSHXNCHBRN4,Sarcastic,A2V3GBDTA9KEU0,Sarcastic,Yes,Sarcastic,2015-11-09 23:40:05 UTC
32TZXEA1OLK6FVJA7UY1A1LFUPC146,Is it Dark Outside,Being a werewolf like myself is quite hard sometimes living in a cave and all. With this app I now can figure out when to hunt and when to just go have fun with a stick or ball,A2QLSHXNCHBRN4,Sarcastic,A3D9L5CQXK1YJL,Sarcastic,Yes,Sarcastic,2015-11-09 23:43:37 UTC
3VCK0Q0PO5ESUE8YTG9XV585GE1N0K,Is it Dark Outside,This revolutionary app allows you to see if it's dark outside- without even getting up!! This app has changed my life. I've been waiting centuries for an app like this to come out. It's especially useful when my vampire friends and I don't know if it's safe to go outside yet. This app is so breathtaking and I recommend you stop whatever you're doing and download this RIGHT NOW!,A2QLSHXNCHBRN4,Sarcastic,A3D9L5CQXK1YJL,Sarcastic,Yes,Sarcastic,2015-11-09 23:44:45 UTC
34OWYT6U3WHIC7LKWWFYJ8DHXJ19I2,Is it Dark Outside,"I checked it twice today it
Was correct both times.  This
technology even
Works in a room with no windows and
My basement, which is underground.",A1ET2J1PIP0RGO,Sarcastic,A2QLSHXNCHBRN4,Sarcastic,Yes,Sarcastic,2015-11-09 23:40:04 UTC
3SU800BH86STDXX67FFYO6RH1ERQUC,Is it Dark Outside,"This app has deeply and truly changed my life. Before I had this app, my life was nothing. I didn't even know if it was light or dark outside. I now not only know if it is light or dark outside, but I now know the true definition of light and dark. This app allows me to be one with the darkness and one with the lightness that is outside. Now I am sure that some of you will read these reviews and decide to never get the app, but I'm telling you GET THE APP. Now, that is all my child, go off and get the app....",A2QLSHXNCHBRN4,Sarcastic,A2YAYHZYI7M3HD,Sarcastic,Yes,Sarcastic,2015-11-09 23:39:55 UTC
3GV1I4SEO9PXKPRSJS9ZREE7OMN6L2,Is it Dark Outside,"Extremely helpful. The room that I live in has no windows, and I don't know what time zone I'm in. This app lets me know if it's night or day, so I know when to sleep and when to stay awake and plot my escape.",A1ET2J1PIP0RGO,Sarcastic,A2QLSHXNCHBRN4,Sarcastic,Yes,Sarcastic,2015-11-09 23:40:06 UTC
3CKVGCS3PG5PAR031CQJUZIB3D9S01,Is it Dark Outside,I guess this is easier than buying a window and moving :/,A1ET2J1PIP0RGO,Sarcastic,A2YAYHZYI7M3HD,Sarcastic,Yes,Sarcastic,2015-11-09 23:40:56 UTC
3P6ENY9P79WBRD33U83QWPB5GW9HI0,Is it Dark Outside,I love this app and who ever made should get a noble peace prize for making a vampire life saving app! If your in a closet afraid of the sun like Howy from bench warmers then this is just for you! I love it thank you so much you might have saved my life. You should make it 99¢ because it would be worth it!,A2YAYHZYI7M3HD,Sarcastic,A3D9L5CQXK1YJL,Sarcastic,Yes,Sarcastic,2015-11-09 23:44:39 UTC
3HFWPF5AK9JLRJZ0KZ82WXGI6PTS3W,Is it Dark Outside,"Due to its helpfulness during applicable situations, I believe ""Is it dark outside?"" is worthy of more than five stars. This app is helpful in many different situations including but not limited to:
•Waking up at a random time and not having the capability of going outside.
•Being to lazy to get up.
•Not having the curtains open.
•+ More!
You can almost feel the enthusiasm from myself oozing through your screen!
Most of all, this app is completely free, unless you are annoyed by the small amount of ads.
So I encourage you all to download this app!",A2QLSHXNCHBRN4,Sarcastic,A3D9L5CQXK1YJL,,Yes,Sarcastic,2015-11-09 23:43:25 UTC
3LN50BUKPVB5UV9XYO88XE5OJRDPLR,Is it Dark Outside,"thanks to this app, even fetuses will be able to tell whether it's dark outside or not!!!",A2QLSHXNCHBRN4,Sarcastic,A3D9L5CQXK1YJL,Sarcastic,Yes,Sarcastic,2015-11-09 23:43:30 UTC
30OITAWPBQ3IGCA0QEXDJWC2X6M9H9,Is it Dark Outside,A little tough to use in direct sunlight but otherwise a well thought out design,A2QLSHXNCHBRN4,Sarcastic,A3D9L5CQXK1YJL,Sarcastic,Yes,Sarcastic,2015-11-09 23:45:24 UTC
3NKW03WTLM7651MB2FUZ6UCEMU2QWB,Is it Dark Outside,B͙e͙s͙t͙ a͙p͙p͙ s͙i͙n͙c͙e͙ e͙v͙e͙r͙! I͙ n͙o͙ l͙o͙n͙g͙e͙r͙ h͙a͙v͙e͙ t͙o͙ w͙a͙k͙e͙ u͙p͙ a͙t͙ n͙i͙g͙h͙t͙ a͙n͙d͙ t͙u͙r͙n͙ m͙y͙ h͙e͙a͙d͙ 180 d͙e͙g͙r͙e͙e͙s͙ t͙o͙ s͙e͙e͙ o͙u͙t͙ m͙y͙ w͙i͙n͙d͙o͙w͙ a͙ r͙e͙a͙l͙ l͙i͙f͙e͙ c͙h͙a͙n͙g͙e͙r͙ f͙o͙r͙ m͙e͙!!!!!!,A1ET2J1PIP0RGO,Sarcastic,A2QLSHXNCHBRN4,Sarcastic,Yes,Sarcastic,2015-11-09 23:41:34 UTC
3P7RGTLO6EDNNLLDO5EASJ3EV58KA3,Is it Dark Outside,you save money by buying this instead of a window. let the rage begin.,A2YAYHZYI7M3HD,Sarcastic,A3D9L5CQXK1YJL,Sarcastic,Yes,Sarcastic,2015-11-09 23:45:03 UTC
3I7KR83SNAD9I2B8WZ0AWOSUPNQK9O,Is it Dark Outside,Before this app came into my life I had to resort to using windows and looking outside to find out if it's dark or not. Now all I have to is look at my phone! I'll never have to use a window again!!,A1ET2J1PIP0RGO,Sarcastic,A3D9L5CQXK1YJL,Sarcastic,Yes,Sarcastic,2015-11-09 23:42:52 UTC
3G4VVJO6PZGUAPRFDOW7IES9UR8PKO,Is it Dark Outside,"This app literally changed my life. No longer do I need to uncover the blankets covering my windows. Now I can just open this app and have faith that it is correct. The only time Master lets me see the outside world is when it's dark, and with this app, I no longer need to fear that I am wrong. Only thing is that there should be a kind of in between stage. Like, make the screen gray and the text say ""Kind of"". Other than that 10/10 -IGN Would bang.",A1ET2J1PIP0RGO,Sarcastic,A2YAYHZYI7M3HD,Sarcastic,Yes,Sarcastic,2015-11-09 23:41:48 UTC
3X2YVV51PU4IOX2UH04K5T46EIB1WS,Hold The Button,This game is fun until you realize that you have a life,A1102MP1CZI32V,Sarcastic,AHZK68L2UCA70,Sarcastic,Yes,Sarcastic,2015-11-10 00:36:10 UTC
3YD0MU1NC21ZS6ET5BP1OEYSPL8A7N,Hold The Button,"Did anyone else see this app make the list of ""Top 8 most useless apps"" Haha I love it just for the stupidness of it =) ",A2W2ZEI7WUASOW,Sarcastic,ACVEFRSUAPSEQ,Sarcastic,Yes,Sarcastic,2015-11-10 00:37:25 UTC
3V0TR1NRVA229JWA3DRUL2EIYJIA43,Hold The Button,One of the most intense apps you can buy on the App Store. Literally kept me on the edge of my seat and made me miss meals. I actually forgot to attend my mother's funeral!! CAUTION: INCREDIBLY ADDICTIVE!!!!,A1102MP1CZI32V,Sarcastic,AHP3TKMY58D8Z,Sarcastic,Yes,Sarcastic,2015-11-10 00:39:08 UTC
3L7SUC0TTUUMCWNYHFUXIQJ5BOS0MY,Hold The Button,7 hours thats it?!! People can do wall sits for 7 hours. Come on now. See apps like these is why america is so fat.,ACVEFRSUAPSEQ,Sarcastic,AM7FYVGVOEP66,Sarcastic,Yes,Sarcastic,2015-11-10 00:41:30 UTC
3WKGUBL7SZMJ52NE04GKUGUTSVHL4W,Hold On,"What happened? The highest score is now just under an hour, where I had the highest score (like 4:20 or something) before. I am very unhappy, as this was my greatest accomplishment to date. /sarcasm",A1102MP1CZI32V,Sarcastic,ABQES53HKWCT6,Sarcastic,Yes,Sarcastic,2015-11-10 00:38:11 UTC
36FQTHX3Z3RMAXIY9DM7686I2183B7,Hold On,"Major props!  I'm sure it will be the hardest I laugh at any IPhone app ever!  Whoever came up with the idea to classify this app in the ""productivity"" section is a comedic genius.",AD317NO9623GZ,Sarcastic,AUK4KGOJP9F0H,Sarcastic,Yes,Sarcastic,2015-11-10 00:39:28 UTC
3T6SSHJUZFABN8EN0QLBW1CKG9OIIU,Hold On,It truly does enhance your focus and make you more productive. Today will be a glorious day as I attempt to break the world record!  Wish me luck!!,A2W2ZEI7WUASOW,Sarcastic,ACVEFRSUAPSEQ,Sarcastic,Yes,Sarcastic,2015-11-10 00:42:40 UTC
38F60IALAGHQPRDIQCV944EX5WO0TZ,Hold On,this app is fun! i used 2 b so bored. sitting around wishing tht there wuz a game where i cud hold down buttons 4 as long as i wanted. then i wud fall into a fit of crying. imagine my surprise wen i found this!! ENJOY for all of those who luv pushing buttons. literally of course. :),A1102MP1CZI32V,Sarcastic,A166A2M31CW2C7,Sarcastic,Yes,Sarcastic,2015-11-10 00:39:44 UTC
3UUIU9GZC55PKYZJNI1LLZAOM4YT5C,Hold On,wooooo!!! i get to hold a button :D yeah. no,ABQES53HKWCT6,Sarcastic,AUK4KGOJP9F0H,Sarcastic,Yes,Sarcastic,2015-11-10 00:39:32 UTC
3D17ECOUOEVLXZ067GTI0WT9GPH31O,Got Juice,"I guess it works, don't have 3GS to confirm. What's the point of this app?

I'm shocked there are no ads! Yet?

No reason to keep. Don't even know why I bothered downloading...",ACVEFRSUAPSEQ,Sarcastic,AM7FYVGVOEP66,Sarcastic,Yes,Sarcastic,2015-11-10 00:29:46 UTC
3ULIZ0H1VA5OBENALZHBFTRTUL751F,Ethan,"Best advice I've ever received he is truly a god among men. Advice on run times dinner and getting advice, also music.",ACVEFRSUAPSEQ,Sarcastic,AKATCXM6HXIU7,Sarcastic,Yes,Sarcastic,2015-11-10 00:19:44 UTC
363A7XIFV4M13WFPN9SHUSEVB3FVA0,Ethan,how girls look in their clothes? perv.,ACVEFRSUAPSEQ,Sarcastic,AHP3TKMY58D8Z,Sarcastic,Yes,Sarcastic,2015-11-10 00:22:08 UTC
3M0556243SKJRINOWYSIYCV9MGQFNG,99 Bottles,Stephen Hawking should cut back a little.,A1102MP1CZI32V,Sarcastic,ACVEFRSUAPSEQ,Sarcastic,Yes,Sarcastic,2015-11-10 00:54:58 UTC
3D4BBDG7ZHW5K2A4NDI2HSC0KM83CE,99 Bottles,Can I have my soul back please,ACVEFRSUAPSEQ,Sarcastic,AHP3TKMY58D8Z,Sarcastic,Yes,Sarcastic,2015-11-10 00:55:17 UTC
3FBEFUUYRK5GO60OM1K9I0YWU85A61,Yo,What other app allows you to communicate so eloquently with one's friends? It even has a regal purple background.,A312KFQ78WB3A4,Sarcastic,AR20RBERHIPN8,Sarcastic,Yes,Sarcastic,2015-11-04 22:39:16 UTC
31S7M7DAGGQ3MN24F5HS2O6L8SFTLD,Yo,Honestly the most pointless thing ever… and yet…,A2HESXT4DAGASU,Sarcastic,A3EBA6G9AG7CO9,Sarcastic,Yes,Sarcastic,2015-11-04 22:33:23 UTC
386659BNTLHPG719OTBZYYV2DBE104,Yo,"drop twitter, drop Instagram, Facebook, everything. there is a new face in social media and it's yo!",A1102MP1CZI32V,Sarcastic,AG0X3PQK2FWQJ,Sarcastic,Yes,Sarcastic,2015-11-04 22:32:46 UTC
3HXCEECSQMTJ8YI24CV0IK9Y235YZQ,Yo,Yo you? I don't even know yo.,A3EBA6G9AG7CO9,Sarcastic,AKATCXM6HXIU7,Sarcastic,Yes,Sarcastic,2015-11-04 22:40:10 UTC
3R15W654VDTQU7ACY1NXXJVYOLGQLW,Yo,This app is absolutely pointless. The Emperor has no clothes you guys.,A1102MP1CZI32V,Sarcastic,A2MCG5W6LHSRG9,Sarcastic,Yes,Sarcastic,2015-11-04 22:32:26 UTC
3D5G8J4N5A46ISEYT9JYPX4NZQHVTY,Yo,"Yo IS just Yo. If anyone wishes it was more, less, or different somehow, they don't want Yo! Yo creates the fastest smiles in the world. My nephew wouldn't want me to share this but I think he really invented YO at scout camp 15 years ago with a leaf of poison oak & a tender 9 yr. old abdomen reading...YO.",A1NM7ZPZ3NH412,Sarcastic,A3EBA6G9AG7CO9,Sarcastic,Yes,Sarcastic,2015-11-04 22:31:41 UTC
3MA5N0ATTCBKUYOGPAA2A805NMSKWR,Yo,"I want to hate the guy that asked this app to be built while working at yet another amazing video service. But he had vision. I want to hate the dude who coded it in 8 hours. But he has skills. I want to hate the angels who gave this a pre money valuation into seven figures. But they have money. Who cares that it's the most useless and pointless app I've ever used? It's growing faster than Pinterest. Yo now sits as the undisputed king of apps using the notifications layer. I, too, look forward to a whole new breed of clone apps based on true/false, yes/no, on/off, yo/anti-yo. I have seen the future. And it is Yo. Someone HAS to tell Mike Judge about this. Priceless, Yo.",A13VIJ7G997ZCY,Sarcastic,A1NM7ZPZ3NH412,Sarcastic,Yes,Sarcastic,2015-11-04 22:35:57 UTC
3ZQA3IO31BRAJOTSQEDAOZRKBETO1G,Yo,"I sat alone in the cathedral, reflecting over my life and my mistakes. I walked over to my priest to give my confession. I told him that I had found a new God. A better God. A purple God. The priest, astounded by my blasphemous confession, asked me what the name of the false god was. Taking a few steps back, knowing what was to come, I uttered the name. ""Yo."" It happened in an instant. The purple, shapeless deity appeared in front of us both. The priest, clutching for his crucifix, chanted a flurry of incantations, all in vain. Yo would be satisfied. Yo demanded sacrifice. Quickly, he lunged for the priest's phone and installed himself into the device. Soon, a bliss came over my priest. His pupils, a shade of purple, became wide. He was happy for the first time in many decades. I grabbed his arm in brotherhood as we walked into the sunset, chanting the only true incantation. ""Yo.""",A18TCR555RWUZV,Sarcastic,A1NM7ZPZ3NH412,Sarcastic,Yes,Sarcastic,2015-11-04 22:33:54 UTC
35YHTYFL1G3WZNWXYPE98TPM8H9FVA,Yo,Yo is perfect. Yo is flawless. It's a postmodern pager. It's a content-free message service. It's everything anyone could ever hope for. Yo is life.,A32L9ALQMIRPQW,Sarcastic,AMVBZXM810ZMA,Sarcastic,Yes,Sarcastic,2015-11-04 22:33:46 UTC
3HXCEECSQMTJ8YI24CV0IK9Y234ZYQ,Yo,This is the greatest gift from our lord and savior. He died for our ability to Yo!,A32L9ALQMIRPQW,Sarcastic,A5LLSZG8YCAZF,Sarcastic,Yes,Sarcastic,2015-11-04 22:32:41 UTC
34OWYT6U3WHIC7LKWWFYJ8DHXHJ9IG,Yo,"I can't compete with the complex creativity conveyed by the other reviewers, but needless to say, yo has changed my lifez",A2AFTOA85C1FM9,Sarcastic,A2HESXT4DAGASU,Sarcastic,Yes,Sarcastic,2015-11-04 22:35:55 UTC
3IYI9285WS0G5GCTQYAPXZTPGHAJCI,Yo,Yoyoyo yo yo. Yoyoyoyoyoyo yoyoyo yo yo yoyo. Yoyoyoyo yo yoyo yoyoyo? Yo yo yo!,AAXYYH9MI3PJM,Sarcastic,AMVBZXM810ZMA,Sarcastic,Yes,Sarcastic,2015-11-04 22:32:37 UTC
31J7RYECZLQ2D3QVDMXIWINQG9OL1W,Yo,"There was a time when I had no friends. I had no time to send a text message, much less have a full conversation or meal with somebody. Yo changed everything. Now, I can let that beautiful woman I met at the bar last night know that I'm thinking of her — no emotional attachment or relational investment required, just Yo. Happy birthday, Mom? Nope — Yo. Sorry for ""accidentally"" sucking your cat through the vacuum cleaner, roommate? Yo.Yo has changed the way I see the world. A whole new communicative paradigm now exists for me. There is no alternate universe in which I would prefer to exist than in this one, solely because of Yo. Thank you, Yo, for giving me a new hope and reason to wake up every morning. Yo.",A18TCR555RWUZV,Sarcastic,A3EBA6G9AG7CO9,Sarcastic,Yes,Sarcastic,2015-11-04 22:33:48 UTC
35O6H0UNLSGV6V3EBONHJTNFO0O5JW,Yo,"I was initially unsure as to the usefulness of this app. I tried in vain to convince my friends to get it with me. ""Please,"" I begged. ""I don't want to get it alone. What if my cats think I'm a loser?"" However, my friends failed to respond, as they didn't technically exist. Subsequently, I checked myself prior to wrecking myself and got the app. I discovered that it is actually incredibly useful. It notifies me of my grrrrl's yos as promptly as 14 days after they send them, and the little ""yo"" notification sound has gotten me in trouble in math class 3.14159265 times. Thank yo for listening.",A2QH1BQA6GR48O,Sarcastic,AAXYYH9MI3PJM,Sarcastic,Yes,Sarcastic,2015-11-04 22:39:03 UTC
3X2LT8FDHWI0ZXMFGLDZK3RESMYW8K,Yo,Context > Content. The Yo! app is the most profound example of tactile ESP. Get with it.,A1102MP1CZI32V,Sarcastic,AG0X3PQK2FWQJ,Sarcastic,Yes,Sarcastic,2015-11-04 22:39:47 UTC
302U8RURJZ18NF9EWDXMGYYVA8VVNX,Yo,"In the bleak nothingness of infinity, there was stillness.          ... Silence. Cold, numb, static, and still.
         Emptiness.The thick air before the dawn of creation - the silence of the death before the rebirth. Like the crack of an eggshell, giving birth to life itself, the primordial bellow that shattered the silence -Yo.The divine mantra echoing through the cosmos, like the wings of a newborn Phoenix taking flight into the vast kingdom of all creationThe royal violet rays shrieking through the nothingness like lightening - creating and giving LIFE 
To what was once a dead, cold silence...
A new Universe was born.Yo. 
The giver of life.
The bringer of the purple light.
The reason for the breath in our lungs.For the earth beneath our feet.Thank you, Yo.I've found the meaning of all existence.",A32QBXDPHHSTOD,Sarcastic,AG0X3PQK2FWQJ,Sarcastic,Yes,Sarcastic,2015-11-04 22:34:30 UTC
3XU9MCX6VOCK5M341AUSND6UE7RR29,Yo,Yo can mean whatever you want...,A32QBXDPHHSTOD,Sarcastic,A3EBA6G9AG7CO9,Sarcastic,Yes,Sarcastic,2015-11-04 22:34:23 UTC
3OLZC0DJ8JFG9EYNZXKUBQ2EO91VIH,Yo,"Before YO, I was a troubled soul. I would get bullied by friends, family, and actual bullies. It even got too the point where people I didn't even know started bullying me. But one day, I found YO. This majestic creature, this deified app gave me the power to go on. I soon gained god-like status; and in doing so, put those foolish bullies to shame.",A2V3GBDTA9KEU0,Sarcastic,ARLSOH5YMGJGN,Sarcastic,Yes,Sarcastic,2015-11-04 22:36:03 UTC
32TMVRKDGNYOQV3V6F7GPB8N8T0487,Yo,This is a fun little ap that brightens my day! If it could solve world hunger it would get one more star.,A177EXELDLWTWV,Sarcastic,A2V3GBDTA9KEU0,Sarcastic,Yes,Sarcastic,2015-11-04 22:36:19 UTC
3BC9H1KCYUCFE3DXTPBTJGFGL11YW0,Yo,"I suffer from a rare blood disease that affects only .005 percent of the population and will probably die by the time I finish writing this review but ""Yo"" helps me forget about my problems and focus on my friends! Yo is a life changer! I actually feel better just saying that! If there was one bad thing I would say about this app it's th",A1102MP1CZI32V,Sarcastic,A2QD7QFGCUNF5N,Sarcastic,Yes,Sarcastic,2015-11-04 22:37:59 UTC
3I01FDIL6M8Q4CKZJ9Z8IOPQZ602DE,Yo,If your not Yo'ing your not living. Join the Yo revolution.,A1102MP1CZI32V,Sarcastic,A32L9ALQMIRPQW,Sarcastic,Yes,Sarcastic,2015-11-04 22:34:53 UTC
302U8RURJZ18NF9EWDXMGYYVA8VNVP,Yo,"Yo. Seriously that's it. Cool your jets, man.",A3MCS8WQWZ34RN,Sarcastic,AMVBZXM810ZMA,Sarcastic,Yes,Sarcastic,2015-11-04 22:38:30 UTC
34R3P23QHS1TS8N8JP75XGKDV5OWHZ,Yo,"Pastels yo. Single usage apps yo. Yo, yo can mean anything yo. Its a platform yo.",A2QD7QFGCUNF5N,Sarcastic,A3MCS8WQWZ34RN,Sarcastic,Yes,Sarcastic,2015-11-04 22:33:21 UTC
3PUOXASB57347XAUW03KJ3G7TUKZ92,Yo,"Before yo I had to flirt and talk to people in real life and abide by normal human conduct rules. Now I can pick up a hottie, ask my BFF to go clubbing, tell my mom I'm still alive AND pay my bills with one phrase whenever I please. My life has been changed. My stalking has been taken to a new level now that I can change my username and figure out whether or not my boyfriend yo's back to any other females that he doesn't know. Thanks yo for improving my life by at least 79%.",A177EXELDLWTWV,Sarcastic,A1I9ZBV75AVWUS,Sarcastic,Yes,Sarcastic,2015-11-04 22:37:52 UTC
39XCQ6V3KY4JI0O7R5TSAPIA2U465R,Yo,"Civilization has created all these technologies that it has been reduced down to “Yo""? This is proof that technology neanderthal.",A2MCG5W6LHSRG9,Sarcastic,AMVBZXM810ZMA,Sarcastic,Yes,Sarcastic,2015-11-04 22:37:29 UTC
32W3UF2EZOLQ2YT8NRNLRX46YKL4CD,Yo,This amazing social app gives me all I want to know about my pals at the moment. What insight. What alacrity. Brevity is the new black.,A1NM7ZPZ3NH412,Sarcastic,A3RR85PK3AV9TU,Sarcastic,Yes,Sarcastic,2015-11-04 22:35:02 UTC
3BFF0DJK8XCQQ0XUZEETEAKG0MNSTQ,Yo,"Before yo my life was in shambles. Yo brought me up from the pit of despair, prior to yo I was torturously forced to use over complicated text messages. But now the pinnacle of human interaction has arrived. In the future there will be no reading or writing  no movies or books for yo will inherit the future.",A2QD7QFGCUNF5N,Sarcastic,A32QBXDPHHSTOD,Sarcastic,Yes,Sarcastic,2015-11-04 22:36:29 UTC
3V0TR1NRVA229JWA3DRUL2EIYHZA4G,Yo,"If It wasn't for Yo, Obama wouldn't have been elected president
If it wasn't for Yo, Noah's ark would not have been built
Yo is monumental and one could not create an app as amazing as Yo
Much props to the creators",A1102MP1CZI32V,Sarcastic,AG0X3PQK2FWQJ,Sarcastic,Yes,Sarcastic,2015-11-04 22:39:04 UTC
3P4ZBJFX2V39ECW2OZJ5UV80FQBWF1,Yo,"This app is, yo my homies,
direct and to the point . 
I love saying YO.",A2NQT50GA2G1B0,Sarcastic,A312KFQ78WB3A4,Sarcastic,Yes,Sarcastic,2015-11-04 22:35:50 UTC
378G7J1SJLYH8YW6TOZZCDN03PWWEJ,Yo,"Yo successfully fulfilled all of my social media needs. Facebook? No, Yo! Twitter? No, Yo! Go Yo!",A2QD7QFGCUNF5N,Sarcastic,A312KFQ78WB3A4,Sarcastic,Yes,Sarcastic,2015-11-04 22:38:19 UTC
337F8MIIMZD686YSBBU1WW25PVN04F,Yo,Ever wanna text a girl but don't know what to say? Just yo her. Ever wanna say hi to your mom just to tell her you're still alive at college but don't want to talk? Just yo her. Wanna keep in touch with friends? Yo them.... Yo anybody for any reason... What more do you need? NEXT TWITTER,A2QD7QFGCUNF5N,Sarcastic,A312KFQ78WB3A4,Sarcastic,Yes,Sarcastic,2015-11-04 22:37:11 UTC
3EFNPKWBMSOLQAFOBXPIMRAZBVR03U,Yo,I love all the Novelty Accounts and actual semi-useful services!,A3EBA6G9AG7CO9,Sarcastic,A9KPCMO1J1LQF,Sarcastic,Yes,Sarcastic,2015-11-04 22:36:57 UTC
3IHWR4LC7DDIY22AR49KJCI6DB0I8Z,Yo,"This time two weeks ago I was getting robbed near a Walgreens. The man looked very scary and he was probably 8 feet tall with a knife in his hand. I said ""yo"" to calm him down. He dropped his knife and have me a hug. He needed comforting and me saying that made him feel humane again. Me and him are now best friends on yo. Yo saved my life. Yo saved his life. Yo is life.",A13VIJ7G997ZCY,Sarcastic,AAXYYH9MI3PJM,Sarcastic,Yes,Sarcastic,2015-11-04 22:32:51 UTC
3S1L4CQSFX5C7ZTZNUNDC6B9N78AF4,Yo,This app shows how far programmers will go to push out the most outstanding systems and software. This app is amazing and probably marks a new era of technological exploits.,A1I9ZBV75AVWUS,Sarcastic,A3SWVCOJPJM7KQ,Sarcastic,Yes,Sarcastic,2015-11-04 22:34:48 UTC
3EFNPKWBMSOLQAFOBXPIMRAZBVR30X,Yo,This app does every conceivably possible thing.,A166A2M31CW2C7,Sarcastic,A2QD7QFGCUNF5N,Sarcastic,Yes,Sarcastic,2015-11-04 22:44:32 UTC
37J05LC5AXJQA8I7QU50H5B71HMJDI,Yo,"This stupidly fun app is awesome. Just try it. Send it to friends far away, send it to a friend walking with you down the street, send it to anyone at the exact stupidest time. And your life will be that much richer.",A1I9ZBV75AVWUS,Sarcastic,A3EBA6G9AG7CO9,Sarcastic,Yes,Sarcastic,2015-11-04 22:37:38 UTC
3X878VYTIEIUOXV1GRBT2F9JMZ37FB,Yo,"This is the best app that I have ever used. In my life.  I use it every day. The simplest, most effective communication tool in our modern world.",A2AFTOA85C1FM9,Sarcastic,A2QH1BQA6GR48O,Sarcastic,Yes,Sarcastic,2015-11-04 22:36:54 UTC
362E9TQF2HQXRH8SA2L8BPZ41UDIGF,Yo,"Setting aside whether it's even useful, the ability of complete randos to yo you with nothing but an unrecognizable username kills it for me. Also, it nagged me to write a review, so here you go.",A2AFTOA85C1FM9,Sarcastic,A2SMDHLM9CQJWM,Sarcastic,Yes,Sarcastic,2015-11-04 22:36:53 UTC
34XASH8KLQMP0DRIY09NXRKDJUJMP2,Yo,"This app is the best thing to happen to social networking since the brilliant success of Google Plus. It has replaced most everything I do. Why post a status when you can just ""yo!"" everyone? Why send a snapchat when you can send a ""yo!""? Why talk to people when you can ""yo!"" them? I no longer even feed my pets, I just ""yo!"" them twice a day. Get this app. It changes lives.",A2QD7QFGCUNF5N,Sarcastic,AR20RBERHIPN8,Sarcastic,Yes,Sarcastic,2015-11-04 22:33:49 UTC
3TFJJUELSHPGZKELJD4XYI78E6O2CE,Yo,I wank it to this app every night.,A18TCR555RWUZV,Sarcastic,A2QD7QFGCUNF5N,Sarcastic,Yes,Sarcastic,2015-11-04 22:33:06 UTC
3MNJFORX8B4F1THISYWW4VVNVT75FT,Yo,"When Alexander Bell invented the phone, an infamous word was uttered, YO. It has changed the lives of many forever. I truley believe the problems in our society rotates around non YOers running our government. Barak Obama? Never heard him sing the Yo hymn. Bill Clinton? Joke, if he loved us he would have hitched with Monica Yowinski. George W. Bush? Fake, he would have changed his name to George Yo. Bush. Guns, Terrorism, lies, Cheating, Scandal, Drugs, Deceit could all be solved if we had more purple boxes in the worlds phones. So what are you waiting for. Start the Revolution. Fight Fate. Join the Yo Movement.",A34DWBBWZRLO1X,Sarcastic,AR20RBERHIPN8,Sarcastic,Yes,Sarcastic,2015-11-04 22:40:12 UTC
3E9ZFLPWOYS8D33IZCLCZBZZ4K9IX7,Yo,"The subject line should speak for itself. I was lost, and now I I'm found, was blind but now I see. The clouds parted and there was Yo.",A3SWVCOJPJM7KQ,Sarcastic,AAXYYH9MI3PJM,Sarcastic,Yes,Sarcastic,2015-11-04 22:34:34 UTC
31YWE12TE0CBOJMMGLHF8M9QQ4YX7R,Yo,"I was a hostage, witnessing the hacked nuclear missiles launched and headed straight for the earth. I had no idea where they were going to impact, but all I knew is that a lot of innocent lives were going to end if I did not act soon. The criminal hackers begin celebrating in victory, realizing that their work was almost complete. Running out of time, I remembered Yo. I snatched my phone out of my back pocket and Yo'd the SDI. They immediately became aware of the danger and stopped every missile from hitting the surface of the earth. Many of us would not be alive today if not for this app. Yo has saved us in many ways in the past, present, and future. Thanks, Yo!",A2R0YYUAWNT7UD,Sarcastic,A32QBXDPHHSTOD,Sarcastic,Yes,Sarcastic,2015-11-04 22:36:13 UTC
3AA88CN98P3OJ3JG4BSQV5LLYUSYK4,Yo,The app that stops communism. A brilliant piece of engineering on par with the Large Hadron Collider. Separates those with whom you share a true bond from those who leave you to die face-down in the mud to save themselves. The only reason I wake up anymore.,A2QD7QFGCUNF5N,Sarcastic,A5LLSZG8YCAZF,Sarcastic,Yes,Sarcastic,2015-11-04 22:34:36 UTC
301KG0KX9CL7GSP155IY994ORYT2HN,Yo,This application is the first darn thing to tear me away from analyzing the Dumb and Dumber To trailer. Now me and my boys down at the Rec Center can stay in cahoots all 24/7. It is a great application for asking your ma for chicken noodle soup if she aint dead. Whoever made this application prob eats sub way sandwiches as well. He should come on down to the Rec Center and play some scooner with me and the boys. Gosh darn I love me this application! Yo . Yo yo yo!! Yo .,A32QBXDPHHSTOD,Sarcastic,A3MCS8WQWZ34RN,Sarcastic,Yes,Sarcastic,2015-11-04 22:36:54 UTC
3UQ1LLR26A8Y7R3V95QB7JGTK3ULAK,Yo,this app saved my life.,A2QD7QFGCUNF5N,Sarcastic,A3H2HWBP6C2FIV,Sarcastic,Yes,Sarcastic,2015-11-04 22:34:07 UTC
3MQY1YVHS3KXPFMF5D82NY1QWLOB2G,Yo,"My life was pretty mediocre up until I downloaded this app. I now have more friends than I can even keep up with. I think this app deserves a Nobel
peace Prize. Words can't describe the joy I get when the ""yo"" comes through my pants pocket. If your life is dull download this app and everything will change limmediately. YO!!!!",A3H2HWBP6C2FIV,Sarcastic,AENW881YO2H8S,Sarcastic,Yes,Sarcastic,2015-11-04 22:35:00 UTC
3T5ZXGO9DEOAZWRGD2E65Y6W3UOQZF,Yo,"While this app is a very useful communication tool and it has helped me to reach a deeper level of friendship with many of my peripheral friends, it uses up too much memory space. It uses too much processing power and I run out of battery within a half hour or so. Also, sometimes it uses so much processing power to send a Yo or, even worse, a YoYo, that my phone overheats. Apart from these minor glitches, I feel like the developers could really do some work simplifying the app for those who are not as technologically adept. Great app!",A1NM7ZPZ3NH412,Sarcastic,A3KCUB6P3IE8NL,Sarcastic,Yes,Sarcastic,2015-11-04 22:34:53 UTC
3ULIZ0H1VA5OBENALZHBFTRTUJP15P,Yo,"I met a girl through Yo, and she is now my wife. I just want to thank the developers for bringing us together. Yo.",A2QD7QFGCUNF5N,Sarcastic,ALLP45O3BDWYM,Sarcastic,Yes,Sarcastic,2015-11-04 22:36:32 UTC
32L724R85LK34U1RDLBV5YDW2L0IPJ,Yo,"Yo is amazing. Yo is revolutionary. Yo is a friend. Yo is....Yo. Ever since I started using Yo, my life has gotten better. I'm succeeding at work, meeting new friends, finding new lovers...I'm Yo! Yo operates with such simplicity and elegance that it can be used by anyone! I love Yo-ing so hard! Yo with me.",A1NM7ZPZ3NH412,Sarcastic,A2QD7QFGCUNF5N,Sarcastic,Yes,Sarcastic,2015-11-04 22:33:53 UTC
3OCZWXS7ZO711LREE9ZUZ807SPT5LY,Yo,"Yo cured my cancer! Yo ended world hunger, Yo also helped me find the women of my dreams because when I yo'd her for the first time she asked me if I wanted to mate and produce spawns, yo is the reason I live and the reason I wake up in the morning. There was a dark period in my life where I almost committed suicide because I had my phone stolen and I was without Yo... My family had an intervention for me and with the funds from a fundraiser they started I got a new phone and was once again able to Yo! Yo is love, Yo is life. Yo cures cancer.",A1I9ZBV75AVWUS,Sarcastic,A1NM7ZPZ3NH412,Sarcastic,Yes,Sarcastic,2015-11-04 22:37:13 UTC
3P7QK0GJ3TLT7DPVBRO59G8TNOAZ2A,Yo,It turned my life 360°,A2QD7QFGCUNF5N,Sarcastic,A3SWVCOJPJM7KQ,Sarcastic,Yes,Sarcastic,2015-11-04 22:35:46 UTC
3B286OTISEHSC1FV6KEYR431GEPJAG,Yo,"I hate having to actually talk to my friends, now I can just ""yo"" them. It's perfect",A13VIJ7G997ZCY,Sarcastic,AR20RBERHIPN8,Sarcastic,Yes,Sarcastic,2015-11-04 22:33:46 UTC
38Z7YZ2SB32O4626DYQK53367HMQII,Yo,"Before Yo, I had to use mainstream apps like snapchat and iMessage to communicate. Now I just press a button, and I can say anything! It's amazing how Yo has changed my life.",A18TCR555RWUZV,Sarcastic,A32L9ALQMIRPQW,Sarcastic,Yes,Sarcastic,2015-11-04 22:38:21 UTC
30EV7DWJTVVHKOYR27YPLMG3XZ96Y8,Yo,"Some days my fingers just become exhausted from all the texting and one simple Yo is all my friends need now. Safer driving for me now too, most of the time I have no idea what my friend wants so usually it ends up in a constant Yo back and forth until someone just calls. Boy I hope they Yo keeps this innovative product going, they may just change the future!",A2QH1BQA6GR48O,Sarcastic,AR20RBERHIPN8,Sarcastic,Yes,Sarcastic,2015-11-04 22:36:31 UTC
35F6NGNVM8J472D2BBGIJJOKD8AT74,Yo,"Before Yo I was a nobody. Now I have more money than I ever dreamed possible, I drive expensive cars, I own homes on four continents, and a national holiday is being named in my honor. Yo!",A32QBXDPHHSTOD,Sarcastic,A34DWBBWZRLO1X,Sarcastic,Yes,Sarcastic,2015-11-04 22:37:17 UTC
3TX9T2ZCB91FJTN2PBDCXNOIRV5ZWS,Yo,Before Yo I could barely walk. Forget hospitals and the giant bills they give you. Download Yo...The moment I opened this app for the first time I felt a warm gust of wind splash my face. I never felt as good as I did in that moment. When that was over I took a look in the mirror. By the power of Yo my Ebola was cured. Thanks to Yo I now have Oprah Winfrey's phone number out of nowhere. Thanks Yo!!!! #BetterThanJesus,A1NM7ZPZ3NH412,Sarcastic,A9KPCMO1J1LQF,Sarcastic,Yes,Sarcastic,2015-11-04 22:37:04 UTC
3P888QFVX3UY0SD9BT3PP0ZSJQLOQB,Yo,"I love this app! :) before this I was a normal human doing normal things. 
BUT THEN CAME YO
THIS APP CHANGED MY LIFE AND THE WAY I SEE THE UNIVERSE. SENDING A YO TO A FRIEND GIVES ME FEEL THE UTMOST GRATITTUDE AND MAKES ME so happy...The all father, yo and I have made a deep cycological connection ai am no longer a human I am super raccoon. Do you nknow about the nazis  no you don't because I went back in time and killed all of them with my rabies beam. :)$$$$ I am also Rich now you may have heard of me my name is bill gates",A1102MP1CZI32V,Sarcastic,A32L9ALQMIRPQW,Sarcastic,Yes,Sarcastic,2015-11-04 22:36:33 UTC
3OB6JN3A9QPACQ7XBSDC2MKSKC8RM0,Yo,"It's amazing how one app can change so many lives. And I am proud to say that without YO, 3 beautiful people wouldn't be alive today- my three children. Yes, through the magic that is YO, I met my faithful, flawless wife Karen. There's nothing more meaningful than a YO: it represents everything you want it to- and yet none of those things. A heartfelt, well-composed text professing your love to the special one in your life. A simple hello to a stranger passing by on the way to work. A friendly wave to that barista who is secretly your pot dealer. YO is all of these things and more- but it isn't. Stop waiting. Find out why YO is the next electronic sensation. What are you waiting for? Let's YO!",A1NM7ZPZ3NH412,Sarcastic,A2QD7QFGCUNF5N,Sarcastic,Yes,Sarcastic,2015-11-04 22:35:30 UTC
371DNNCG44287GILLG8OXJKFOSG8T6,Yo,"first, this: fantastic app! one of the best apps ever, of any kind! (I own 4,000 apps and my son is a dev with two great apps in AppStore as well, plus I beta test. so I don't say this lightly).it's fast, it's useful as jelly. not just a messenger! integrates with everything from maps to ifttt to blogs to deliveries to...jeez, it seems endless what this app can do.but wait, there's more!
big, colorful buttons I've long wished were the norm for everything mobile. seconds to get itself set up, seconds to test it a bit.it's fast! lightweight! I don't go on like this usually (feel free to read my many reviews; here, play store, windows phone store, chrome store, and (really) more. this app wins the internetz! for now ;-)my one complaint: srsly, a period after a name? why? what problem does it solve? what does it add (besides more time to type it and a way to actually misspell ""yo.""please rethink the dot. it also looks weird.me: former copy editor and annoyed mobile typer.",A13VIJ7G997ZCY,Sarcastic,A9KPCMO1J1LQF,Sarcastic,Yes,Sarcastic,2015-11-04 22:35:01 UTC
3OCZWXS7ZO711LREE9ZUZ807SPTL5E,Yo,"Much cool
Such one butten
Wow
Many indie",A1102MP1CZI32V,Sarcastic,A9KPCMO1J1LQF,Sarcastic,Yes,Sarcastic,2015-11-04 22:37:52 UTC
37YYO3NWHDQTX26NG6T3AVGUQX2CCY,Yo,I have been healed by this application,A9KPCMO1J1LQF,Sarcastic,AMVBZXM810ZMA,Sarcastic,Yes,Sarcastic,2015-11-04 22:36:55 UTC
3ZG552ORAM4CYTKLAUZ2OAVXZD42VD,Yo,"Yo is the reason I found my long lost twin. Without yo, me and Jim would never have found each other.",A166A2M31CW2C7,Sarcastic,A3EBA6G9AG7CO9,Sarcastic,Yes,Sarcastic,2015-11-04 22:36:28 UTC
3UL5XDRDNCJ6ME7VKKQQU3E18PU85F,Yo,Yo is by far the best creation western civilization has been able to concoct. Yo me @NikyolaTesla,A2AFTOA85C1FM9,Sarcastic,AG0X3PQK2FWQJ,Sarcastic,Yes,Sarcastic,2015-11-04 22:36:45 UTC
3R5LWXWHR08UHCXN9OL9EZMJP7HGXD,Yo,"""Try it"" they said, ""everyone's doing it"" they said. This app has literally ruined my life it's so irritating. My friend committed suicide because of this app and all he left for a note was a dirty napkin with Yo! scribbled in blood. I can't stop it; Yo! Never sleeps. Save yourself and never, ever download this app. Pray you never feel the icy grip of Yo! on your flesh.",A2QD7QFGCUNF5N,Sarcastic,A3SWVCOJPJM7KQ,Sarcastic,Yes,Sarcastic,2015-11-04 22:35:27 UTC
3VZYA8PITOYO4P2SPGDB1O8JPRI05K,Yo,"Throughout history, countless inventions have revolutionized the communications industry- the telegraph, telephone, television, teletubby. Yet all these pale in comparison to Yo, the medium through which the future will be communicated. The uninitiated may ask, ""What does Yo even mean?"" In response, gently inform this heathen that Yo means everything, Yo means nothing, and Yo means far more than his pathetic life ever will. Download this app, and you won't even need vocal chords anymore. Change your life for the better. Yo.Yo.
Yo.
Yo.
YO.
YO",A2QD7QFGCUNF5N,Sarcastic,A32L9ALQMIRPQW,Sarcastic,Yes,Sarcastic,2015-11-04 22:35:17 UTC
3MDWE879UH28PZ7EQMNHXL942RZ9B7,Yo,All I do is Yo,A2QD7QFGCUNF5N,Sarcastic,AKATCXM6HXIU7,Sarcastic,Yes,Sarcastic,2015-11-04 22:40:18 UTC
3JY0Q5X05J6JVQ2XKEL5QDMOMHLGGL,Yo,Yo yo then yo after yo yo yo right before I yo. Simply the best way to yo what yo mean without saying anything but yo. Two yo's up.,A177EXELDLWTWV,Sarcastic,AG0X3PQK2FWQJ,Sarcastic,Yes,Sarcastic,2015-11-04 22:36:07 UTC
356ZPKYPUHHPUUGWH3XYRM7KS4YYP5,Yo,"This app is unreal.  I was with my friends at summer band camp and they showed me this app. It has changed my life!!  I just auditioned for our high school band and believe it or not I made!!!  Not only did I make it, my band teacher said it was the single best performance she had ever heard. I can tie it all back to when I first downloaded ""O""!!!  It has changed my life.  I now have band friends that I hang out with every day.  They invite me to special band parties that I was never invited to before ""O"". I highly recommend anyone to download this fantastic application.  It has changed my life and will change yours!!!",A2QD7QFGCUNF5N,Sarcastic,A3H2HWBP6C2FIV,Sarcastic,Yes,Sarcastic,2015-11-04 22:35:59 UTC
37Y5RYYI0P5X7H6E4OFQ3D5MDIBSX9,Yo,"Weeks ago, life was in perfect harmony and I could Yo freely without fear or care of it failing. We had a wonderful relationship, Yo and I, and we both knew that we would love each other forever. It was pure bliss. However, we are now encountering serious issues in our relationship; sometimes she crashes, sometimes she does not send my Yos... I still love her but I don't know if she does anymore. When I ask her about it, all she can say is ""iOS 8"". Please, Yo developers, mend our relationship.",A2QD7QFGCUNF5N,Sarcastic,A3EBA6G9AG7CO9,Sarcastic,Yes,Sarcastic,2015-11-04 22:35:15 UTC
3LXX8KJXPW9S8TWNURS335939QHO9P,Yo,YO I WENT TO COLLEGE I KNOW HOW THIS WORKS THEY STEAL YOUR MONEY BY FEEDING YOU A SIGNLE NOODLE,A13VIJ7G997ZCY,Sarcastic,A2QD7QFGCUNF5N,Sarcastic,Yes,Sarcastic,2015-11-04 22:35:50 UTC
37G6BXQPLQLCO10KHF0TKO5EFOGEQY,Yo,"Lost my legs in a boating accident back in 02'. I was told I'd never walk again. I was fitted for prosthetics and have maintained them, keeping with the technology. I have made leaps and bounds, no pun intended; however, walking on my own has been no small feat, no pun intended once again. Then I found the yo ap. As the heavens shined down from up above, I stood up that day, walked twenty five feet, picked up my dog, ""Skip,"" no pun intended AGAIN, and yelled, ""yo!"" Thanks to the yo ap, I'm back. Yeah.",A18TCR555RWUZV,Sarcastic,A312KFQ78WB3A4,Sarcastic,Yes,Sarcastic,2015-11-04 22:37:50 UTC
3YGE63DIN8XIH8HCLH0KROLW9OMW0X,Yo,"I was down on my luck. I was working 3 jobs to support my dog Pepper and I. She is a miniature schnauzer. Cute dog. Anyway, we were getting out of touch from my long hours. So I quit my jobs. Then my dog died because I had no money. Who would have thought? Just when I was about to give up, I downloaded Yo. Since then, Pepper rose from the dead, I won the lottery, and I bought Pepper a smartphone so I can Yo her whenever I want so we're always in touch. I love this app. You saved my life. Peace. Love. And Aunt Cass. Yo!",A9KPCMO1J1LQF,Sarcastic,AR20RBERHIPN8,Sarcastic,Yes,Sarcastic,2015-11-04 22:35:17 UTC
3IWA71V4TIGSKJ8HXBCN289UVTEX6S,Yo,Yo is awesome it cures Ebola download it,A18TCR555RWUZV,Sarcastic,AG0X3PQK2FWQJ,Sarcastic,Yes,Sarcastic,2015-11-04 22:36:07 UTC
3JAOYN9IHL2H72ELUK71OP86E7B33S,Yo,If there were 2 guys on the moon and one killed the other with a rock would that be messed up or what,A18TCR555RWUZV,Sarcastic,A3SWVCOJPJM7KQ,Sarcastic,Yes,Sarcastic,2015-11-04 22:35:53 UTC
3IZPORCT1F9OKC6MKVXZAHCW3Q9RHR,Yo,It extended my penis by 5 inches. Yo is love. Yo is life.,A2QLSHXNCHBRN4,Sarcastic,A3H2HWBP6C2FIV,Sarcastic,Yes,Sarcastic,2015-11-04 22:36:50 UTC
3PIOQ99R7YM8A0KERNNHKCWCW1MNU0,Yo,"This app helped my wife through childbirth. The constant notifications of ""Yo"" calmed the baby while in the womb, allowing my wife to give a painless childbirth.Thank baby for Yo!",A2QD7QFGCUNF5N,Sarcastic,A5LLSZG8YCAZF,Sarcastic,Yes,Sarcastic,2015-11-04 22:36:28 UTC
3UDTAB6HH6Z75C44S6QSD4DLBN109B,Yo,This app make all other inventions obsolete. The time I save using this is insurmountable. I believe this to be my single greatest possession. Since I got this masterpiece I have changed from a complete loser to an idol. And I credit this app to that. I have put all my stocks in this company.,A18TCR555RWUZV,Sarcastic,A312KFQ78WB3A4,Sarcastic,Yes,Sarcastic,2015-11-04 22:39:08 UTC
3FK4G712NX0PB0KFAE9345OUY39SS1,Yo,"When I first saw this app, I was like this is stupid and nobody in their right mind would download this. Soon after, my friendship started to fall apart and my so called ""friends"" fled to Europe and China. I felt so alone and distant from everyone. But then we made a last ditch effort to salvage our friendship by downloading Yo together. Yo taught us how to talk like homies and we quickly reconnected like legit homies do yo. Talking like ghetto gangster homies from da hood has brought us closer together than ever before. Yo saved my friendship. Yo saved me. Homie out.",A3H2HWBP6C2FIV,Sarcastic,AR20RBERHIPN8,Sarcastic,Yes,Sarcastic,2015-11-04 22:36:41 UTC
3D5G8J4N5A46ISEYT9JYPX4NZQHTVW,Yo,This is the best app you could ever imagine!!,A9KPCMO1J1LQF,Sarcastic,AG0X3PQK2FWQJ,Sarcastic,Yes,Sarcastic,2015-11-04 22:39:45 UTC
3L2OEKSTW9A4O2HFVMVN50CU3UY8YV,Yo,"Service is alright
App kept bugging me to rate after sending me spam Yos from the devs so",AKATCXM6HXIU7,Sarcastic,AMVBZXM810ZMA,Sarcastic,Yes,Sarcastic,2015-11-04 22:37:23 UTC
3Z3R5YC0P3NHMVS8TUEU7B11BWTFTU,Yo,"Once you yo, you will know.",A1NM7ZPZ3NH412,Sarcastic,AMVBZXM810ZMA,Sarcastic,Yes,Sarcastic,2015-11-04 22:36:34 UTC
33N1S8XHHMLMIS7ZSNOR4XYOVIX1ZW,Yo,WE ARE ON THE BRINK OF A REVOLUTION HERE PEOPLE. DOWNLOAD NOW! BE A PART OF MOBILE HISTORY AND PROUDLY DISPLAY YOUR PURPLE ICON OF BEAUTY. ALL HAIL YOLove this application yo,A32QBXDPHHSTOD,Sarcastic,A3KCUB6P3IE8NL,Sarcastic,Yes,Sarcastic,2015-11-04 22:40:06 UTC
3VGET1QSZ0ZWZJHW6GLT63VJH2S7W8,Yo,"This is the tale of Kanye West, who is snuggled in his Kanye Nest, having himself a Kanye Nest, for he must be at his Kanye Best, before he's off on a Kanye Quest, where he'll be put to the Kanye Test, in hopes to retrieve the Kanye Chest that is distinctly marked with the Kanye Crest, then he shall return to his Kanye Nest and have himself a Kanye Fest, where he will welcome many Kanye Guests, but first he must be rid of Kanye Pests before he can put on his Kanye Vest and dance at the party with Kanye Zest. Also I think it should be easier to ""yo"" people who don't already have a yo account.",A18TCR555RWUZV,Sarcastic,AR20RBERHIPN8,Sarcastic,Yes,Sarcastic,2015-11-04 22:38:16 UTC
3WRBLBQ2GR8MKMRC6CW25LZ8F0WG0I,Yo,This app allowed me to send a Yo to the Dear Eternal Glorious Leader.  10/10 APP,A1102MP1CZI32V,Sarcastic,A2V3GBDTA9KEU0,Sarcastic,Yes,Sarcastic,2015-11-04 22:37:35 UTC
36818Z1KV3DHRND63ZMBBXMCKH4A3W,Yo,"My eyes have been opened in the way of the yo, I don't know how one hour ago I survived without it. I am almost at 60 yos. Yo is love yo is life, yo forever.",A3MCS8WQWZ34RN,Sarcastic,AR20RBERHIPN8,Sarcastic,Yes,Sarcastic,2015-11-04 22:37:13 UTC
34F34TZU7WZ37YKRT5LJLMK34QX2JS,Yo,"Google, Apple, and every other modern developer are years behind the utility, design aesthetic, and functionality of this app. A must have for anyone with a heartbeat. Yo is love, Yo is life",A13VIJ7G997ZCY,Sarcastic,A312KFQ78WB3A4,Sarcastic,Yes,Sarcastic,2015-11-04 22:37:27 UTC
3ZXNP4Z39RLGOP5X22ERXSE3JVOL7T,Yo,"This is quite possibly the greatest invention known to mankind. It will likely herald in a new era for human interaction. Specifically, a Golden Era. Admittedly, I was skeptical at first, but I 
have since realized the many incredible uses of this application. As my friend Nicholas Treeners once said: ""the satisfaction I get from sending a Yo is similar to the satisfaction I get from accomplishing something substantial, which does not occur often"". Regardless, if you or your children have yet to acquire this application, I recommend that you stop whatever it is you are doing and do so immediately. This is no 'tech bubble' but instead a technologically innovative, brilliant and entertaining, yet, yet practical piece of merchandise.",A2R0YYUAWNT7UD,Sarcastic,A3KCUB6P3IE8NL,Sarcastic,Yes,Sarcastic,2015-11-04 22:38:08 UTC
3ZTE0JGGCESU6R3Q6B2U5VABFBLCOV,Yo,"This app is just unbelievably incredible. I met my wife on here and we are currently married with 2 kids making about 700,000K a year (after taxes). Not to mention I showed my dead aunt this app and she instantly came back to life from the dead. What Kind of wonders does this app hold?!!! yo is just .... Incredible.",A3ITZNJQUTIZ4C,Sarcastic,AG0X3PQK2FWQJ,Sarcastic,Yes,Sarcastic,2015-11-04 22:37:03 UTC
3IHWR4LC7DDIY22AR49KJCI6DB08IP,Yo,I lost my virginity to this app.,A18TCR555RWUZV,Sarcastic,A3H2HWBP6C2FIV,Sarcastic,Yes,Sarcastic,2015-11-04 22:37:55 UTC
338431Z1FLFYCTS9O8SPUQ9XFCNORC,Yo,In my personal life without the ability to send two letter instant messages.,A3KCUB6P3IE8NL,Sarcastic,AAXYYH9MI3PJM,Sarcastic,Yes,Sarcastic,2015-11-04 22:36:30 UTC
39I4RL8QGJHHJ64O9J1M2O1MBCQ4HM,Yo,"After reading this app's description and then scrolling through/reading several reviews, I ONLY downloaded this app so I had the ability to write this review!!!  As soon as I hit send, I am deleting it!Take a look at the review a couple below this one titled, ""Wildest Dreams Come True.""  Notice how the author claims he now has three children in his life who were born from his wife who he met on this dumb app??  Now, check out when this app was actually first released in the App Store... Do the math!  The app was released in March 2014...!!!!!!  Now, I'm a liberal arts major (for both undergraduate and graduate degrees so I have NO science or medical educational background) so please don't think I'm trying to present an official medical opinion here.  My wife and I have one child and it took nine months from the date of conception until our beautiful baby boy was born into our world. Now, again, I'm not a medical professional but it is my understanding that human females generally go through a nine month gestation period when pregnant with a precious baby boy and/or girl. So, my question to the makers of this ""Yo"" app and those they paid to flood their app's review section here in the App Store is this: do you think we are all that stupid??!!  If you are going to make a POINTLESS app and then have all your employees and poor college students who will do anything for a buck (i.e. write a flawless review of your app) flood the review section on here and write a couple of perfect reviews every day or so, then it might behoove you to make sure they don't SCREW UP something as simple as this!!!!!! If you ""geniuses"" haven't been able to figure it out yet, let's just make a (very generous!) hypothetical timeline here....: 1. You release your app in March 2014 (I think the first 1.0 version release said March 21st, 2014 or somewhere around there but we'll give you the benefit of the doubt and just say March 1st). 2. On day one, both John Doe and Jane Doe download the app and miraculously find and ""Yo!"" each other right off the bat. 3. We'll be very generous here and assume both John and Jane are complete idiots and decide to get married one month later. Again, even though you actually released the app toward the end of March, we'll go with March 1st and then say their wedding was on April 1st, which is very fitting in this case as it's April Fools Day. (Even though it technically doesn't matter that they got married, John Doe said he now has three children which his wife gave him so we'll assume they got married first.)4. April 2nd, 2014: Jane is pregnant with her first child. That child's due date is around New Years Day 2015 (yes, you read that right, that is this year's New Years Day, the one we celebrated about five months ago...)5. Do I really need to continue.....??? If you app inventing scholars still don't get it, if the loving couple were able to become pregnant again as soon as it was safely possible (roughly six weeks or so after Baby Doe's birthday), then Superwoman Doe would currently be pregnant with her SECOND child....making it impossible for the ""Yo"" couple to have had three beautiful children together since they first met on this app...!!!!  I'll spell it out for you here: this reality makes our Fake Review Writing John Doe AND the creators of this ridiculous app A BUNCH OF LIARS!!!!!!!!!!!! Wonderful......... word of advice: next time you try something like this, run your review copy by...well...at least someone in 3rd grade....I'm pretty sure they probably know it takes around nine months, or roughly that amount of time reflected in their child-centric minds eye and viewpoint, after getting pregnant for a mommy to give them a new baby sister or brother....I'm not sure if they have mastered enough math yet to add up three pregnancies plus the time it takes after having a baby to be ready for the stork to bring another one to their mommy's tummy but I'm sure they can figure out it's a little more than 13 months (AKA the amount of time since you released this ""squarely waste of space meant for an i'insert your device'"") to have three new siblings....So, if you (the potential buyers of this worthless app) were kind enough to read this review down to this point, first, thank you! :o)  Second, I HIGHLY recommend you don't waste anymore of your time (sorry about all of the time you wasted reading down to this point!) and don't download this app. To the ""Yo"" app creators: if you're going to try and deceive your potential customers and, at the same time, completely trash yours and your business's name, at least have the minimal aptitude to make sure your fake reviews mathematically and factually add up!!!!!It is VERY insulting, degrading, and frustrating to have an American business try to deceive us (your customers) into liking and ""buying"" (it doesn't matter if the app is free, there are many other ways you will receive money from our patronage as well as many other ways we will spend our money due to having/using this app...or, is that too much math for you, as well?) their product, i.e. app, here on the App Store!!!!!!!!!!!!!! And, VERY sad, although somewhat humorous, that they can't even get their fake reviews to look/sound/be right!!!!!  To Apple: I would highly recommend you take a serious look at this deception and ban (or at least fine/somehow punish) these fools (i.e. ""app creators"") from the App Store!  Since spending A LOT of money to purchase our iPhone(s), iPod Touch(s), iPad(s), Apple Watch(es), and/or Apple/Mac computer(s), we have trusted you to ascertain and guarantee the app and in-app products (whether they're free, $.99, or a lot of money) are from quality-driven companies, businesses, and entrepreneurs that hold themselves to a high ethical standard and are organizations we can fully trust. This one certainly and seriously does not meet these qualifications.  We now trust you'll do the right thing!",A18TCR555RWUZV,Sarcastic,A2R0YYUAWNT7UD,Sarcastic,Yes,Sarcastic,2015-11-04 22:36:50 UTC
3MNJFORX8B4F1THISYWW4VVNVT8F54,Yo,"I spent most of my adolescence trying to find somebody to respond to my yo's but nobody would ever respond. I was on the brink of ending it all. I was about to give up saying yo to anybody ever again. After all it is 2014 and not 1996 and I thought for a moment YO was dead forever but alas, YO is as alive as Jesus   Just after the second coming. YO is more alive than P.O.D was after their hit single Alive. If you ever want to feel that alive just give it a shot.. Send your first YO and feel your hair whipping in the wind.. Feel the wind gently brush against your sweaty balls and feel freedom like you've never felt before
Feel as free as our forefathers did when they once signed the constitution of the United States of America
Remember why so many union soldiers gave their lives.. Not so the slaves could enjoy their freedom but so we could enjoy our YO's",A2QD7QFGCUNF5N,Sarcastic,A32QBXDPHHSTOD,Sarcastic,Yes,Sarcastic,2015-11-04 22:37:06 UTC
373L46LKP76YOEOHIBRNLI6XLQJJKV,Yo,Every one should have yo if your having a two some and you want to make it a three some just yo ! If your stuck on the toilet and there's no toilet paper just yo. If the hot girl in class is sitting in front of you and her under wear is showing yo your friends to let them know. Whatever you do where ever you go just yo.,A3EBA6G9AG7CO9,Sarcastic,A3KCUB6P3IE8NL,Sarcastic,Yes,Sarcastic,2015-11-04 22:37:44 UTC
31MCUE39BKMI1EQ9PZEL7JXFICGG3D,Yo,"For months I've been a deep state of depression. I've done nothing but sulk around in the shadows and envy other people who have friends with names other than Netflix. This is all until just a few nights ago when I discovered this app. The day after I downloaded it, I happened to stumble upon the great Alan Rickman, with his glorious voice and impressive nose, strolling about my town. He then shook my hand and offered to have a 9th Harry potter film be made revolving around me as Harry potters American boy wizard nephew. That night, under a shower of spectacular fireworks, I met the girl of my dreams, and her and I are now happily engaged. And this morning, I woke up to find myself lying in a 5 star resort, surrounded with cash and pizzaBecause I knew yo, I have been changed.. For good",A3SWVCOJPJM7KQ,Sarcastic,AR20RBERHIPN8,Sarcastic,Yes,Sarcastic,2015-11-04 22:40:19 UTC
32LAQ1JNT9P65DPYOJ9TTB24LJ8TU7,Yo,"This is the best app on the App Store, why text when you can Yo!!!!!!!!!!!!!!!!!!!!!!!!
This is the best app on the App Store, why text when you can Yo!!!!!!!!!!!!!!!!!!!!!!!!
This is the best app on the App Store, why text when you can Yo!!!!!!!!!!!!!!!!!!!!!!!!
This is the best app on the App Store, why text when you can Yo!!!!!!!!!!!!!!!!!!!!!!!!
This is the best app on the App Store, why text when you can Yo!!!!!!!!!!!!!!!!!!!!!!!!
This is the best app on the App Store, why text when you can Yo!!!!!!!!!!!!!!!!!!!!!!!!
This is the best app on the App Store, why text when you can Yo!!!!!!!!!!!!!!!!!!!!!!!!
This is the best app on the App Store, why text when you can Yo!!!!!!!!!!!!!!!!!!!!!!!!
This is the best app on the App Store, why text when you can Yo!!!!!!!!!!!!!!!!!!!!!!!!
This is the best app on the App Store, why text when you can Yo!!!!!!!!!!!!!!!!!!!!!!!!
This is the best app on the App Store, why text when you can Yo!!!!!!!!!!!!!!!!!!!!!!!!
This is the best app on the App Store, why text when you can Yo!!!!!!!!!!!!!!!!!!!!!!!!
This is the best app on the App Store, why text when you can Yo!!!!!!!!!!!!!!!!!!!!!!!!
This is the best app on the App Store, why text when you can Yo!!!!!!!!!!!!!!!!!!!!!!!!
This is the best app on the App Store, why text when you can Yo!!!!!!!!!!!!!!!!!!!!!!!!
This is the best app on the App Store, why text when you can Yo!!!!!!!!!!!!!!!!!!!!!!!!
This is the best app on the App Store, why text when you can Yo!!!!!!!!!!!!!!!!!!!!!!!!
This is the best app on the App Store, why text when you can Yo!!!!!!!!!!!!!!!!!!!!!!!!
This is the best app on the App Store, why text when you can Yo!!!!!!!!!!!!!!!!!!!!!!!!
This is the best app on the App Store, why text when you can Yo!!!!!!!!!!!!!!!!!!!!!!!!
This is the best app on the App Store, why text when you can Yo!!!!!!!!!!!!!!!!!!!!!!!!
This is the best app on the App Store, why text when you can Yo!!!!!!!!!!!!!!!!!!!!!!!!
This is the best app on the App Store, why text when you can Yo!!!!!!!!!!!!!!!!!!!!!!!!
This is the best app on the App Store, why text when you can Yo!!!!!!!!!!!!!!!!!!!!!!!!
This is the best app on the App Store, why text when you can Yo!!!!!!!!!!!!!!!!!!!!!!!!
This is the best app on the App Store, why text when you can Yo!!!!!!!!!!!!!!!!!!!!!!!!
This is the best app on the App Store, why text when you can Yo!!!!!!!!!!!!!!!!!!!!!!!!
This is the best app on the App Store, why text when you can Yo!!!!!!!!!!!!!!!!!!!!!!!!
This is the best app on the App Store, why text when you can Yo!!!!!!!!!!!!!!!!!!!!!!!!
This is the best app on the App Store, why text when you can Yo!!!!!!!!!!!!!!!!!!!!!!!!
This is the best app on the App Store, why text when you can Yo!!!!!!!!!!!!!!!!!!!!!!!!
This is the best app on the App Store, why text when you can Yo!!!!!!!!!!!!!!!!!!!!!!!!
This is the best app on the App Store, why text when you can Yo!!!!!!!!!!!!!!!!!!!!!!!!
This is the best app on the App Store, why text when you can Yo!!!!!!!!!!!!!!!!!!!!!!!!
This is the best app on the App Store, why text when you can Yo!!!!!!!!!!!!!!!!!!!!!!!!
This is the best app on the App Store, why text when you can Yo!!!!!!!!!!!!!!!!!!!!!!!!",AKATCXM6HXIU7,Sarcastic,AMVBZXM810ZMA,Sarcastic,Yes,Sarcastic,2015-11-04 22:37:55 UTC
30ZKOOGW2W6LHKZRGV8SN47FMXQA14,Yo,"It all started with a simple YO. I found it incredibly smart and funny, but yes, quite useless. Then the different services started to pop up, location tagging, picture sending... and more.... now it is a very useful App for instant simple messaging. Love it!!!",A312KFQ78WB3A4,Sarcastic,A3MCS8WQWZ34RN,Sarcastic,Yes,Sarcastic,2015-11-04 22:38:02 UTC
322ZSN9Z5GK7OFVJ9DIBG74AM6L4TW,Yo,"Yo is the greatest advancement in human communication that I have ever seen. What appears to be a joke is actually the most useful app in the app store. You see, ""Yo"" rarely means just ""Yo."" Yo can mean almost anything. One day at around 11 am, my buddy sent me a Yo. I headed to his dorm room and said ""hey, I got your Yo and I took that to mean 'let's get lunch and meet in your room.'"" Lo and behold, that is exactly what he meant. My buddies and I have a Yo system where one Yo means one thing, and two Yos means something else. Yo can even mean ""hey, I'm in the same room as you! Turn around!"" Soon, the entire English language will be replaced with yo, in the name of efficiency. I am saying this as an English major at one of the best universities in the United States. Thank you Yo for being the pinnacle of human achievement.",A2V3GBDTA9KEU0,Sarcastic,A3KCUB6P3IE8NL,Sarcastic,Yes,Sarcastic,2015-11-04 22:37:42 UTC
3VDI8GSXAFT42BWF1G9HY05QYY88GX,Yo,"Before I downloaded Yo, I didn't have a job, a house, a girlfriend, or frankly, a life. When I first opened the app, I suspected it would be just like all the other apps in the world, promising me happiness and wealth but in reality bringing me guilt and shame. But, after the first Yo, everything changed. We all experience the first Yo in life, it's just a matter of when, and mine happened on March 17th, 2014. I will never forget that day. I sent the yo to my only friend, who had abandoned me years before because of my addiction to buying packs on FIFA. He, in response to the Yo, invited me to his house in which he had 17 beautiful women of all races waiting for me. At first, I thought it was a prank and that Yo was just another scam, but when I showed up to his house, all the women were there, except for one, who had the whooping cough. The house address was 1600 Pennsylvania Avenue, and my friend's name: Corey. Thank you Yo because now I'm in da house, shooting three pointers to heat it up, and I ain't no busta.",A1I9ZBV75AVWUS,Sarcastic,AKATCXM6HXIU7,Sarcastic,Yes,Sarcastic,2015-11-04 22:40:35 UTC
3TFJJUELSHPGZKELJD4XYI78E6PC2P,Yo,THIS APP IS THE GREATEST THING I HAVE EVER KNOWN. IT CURED MY CANCER AND HELPED ME FIND GOD. IT HELPED ME WITH MY MARRIAGE AND NOW I HAVE REGULAR SEXUAL RELATIONS WITH MY WIFE. THANKYOU YO. YOU ARE A LIFE SAVER. AMEN,A2QH1BQA6GR48O,Sarcastic,A3KCUB6P3IE8NL,Sarcastic,Yes,Sarcastic,2015-11-04 22:38:31 UTC
3B9J25CZ25D94JVJDSJ3P0KCC0OCSS,Yo,New yo! Location! Send your friends (and the NSA) your location! It's a must have!,A1102MP1CZI32V,Sarcastic,AR20RBERHIPN8,Sarcastic,Yes,Sarcastic,2015-11-04 22:37:30 UTC
3JYPJ2TAYI8JU3Z1CD5A2104MT8FPP,Yo,"I hadn't been this excited to try something, ever. I loaded the app. Sent Yo's to my fave friends. It was awesome.Minutes passed. No reply. What? Do my friends hate me?No. They love me. But Yo hates me. It won't let me receive Yo's. I wrote them an email. They never wrote back.I am so sad now. I can't believe I trusted them.",A18TCR555RWUZV,Sarcastic,A32QBXDPHHSTOD,Sarcastic,Yes,Sarcastic,2015-11-04 22:38:02 UTC
38LRF35D5LW16WR49432BYY6RKVU3R,Yo,"this app solves everything. Want to propose? Just yo.Stranded on a desert island? Just yo.Taking your SATs? Just yo.Yo works for everything. Yo is love. Yo is life. In fact, if Shrek and Yo met, it would be sure to check itself before it Shreks itself.Thank you Yo.And Shrek.",A18TCR555RWUZV,Sarcastic,A2QLSHXNCHBRN4,Sarcastic,Yes,Sarcastic,2015-11-04 22:37:34 UTC
37NXA7GVST6IZF6TK0H736U65DVVLV,Yo,"The word 'genius' is thrown around a lot these days. But this app--this Yo app--must have been created by a genius - no, a super genius. It literally changed my life for the better. Bless you, Yo app creator. Bless you.",A18TCR555RWUZV,Sarcastic,A2V3GBDTA9KEU0,Sarcastic,Yes,Sarcastic,2015-11-04 22:38:35 UTC
389A2A304OI93AB74Q0JFUETH85C05,Yo,"This app changed my life. Before this app I was a lonely washed-up loser. Now, with yo, I'm the most popular kid in school. Every guy wants to be me and every girl wants to be with me. Through the power and simplicity yo I'm sure it can change your life too.",A2QD7QFGCUNF5N,Sarcastic,A2QLSHXNCHBRN4,Sarcastic,Yes,Sarcastic,2015-11-04 22:37:49 UTC
33K3E8REWWVFOXR5QQ9LMM5L1O4X8E,Yo,"on christmas night, the grinch stole my iphone 6 but then like yo saved it. also i met my future children on yo. i met my 3 kids in paris. im a sperm donor so yo will help me find all 3000 of my children. then we can yo eachother. this app also cleared my blindness. before yo, i used to have herpes on my eyelids making me unable to open my eyes. with yo, i can now open my eyes. yo cured my herpes.",A2QD7QFGCUNF5N,Sarcastic,A312KFQ78WB3A4,Sarcastic,Yes,Sarcastic,2015-11-04 22:39:35 UTC
3RZS0FBRWKACRRFRLBF9UVF1PGHCPC,Yo,"Yo is probably the best app ever created. Actually no. It's not PROBABLY, it IS the best app ever created. It's cured my sadness, and changed me from my old self. I was such a loser before the presence of yo.. Now I'm probably really cool and I think people are honestly jealous of me and my yo squad. Yo is too turnt! Yo makes me feel like I am no longer my loser self, but a bird who has spread its wings and flown into the world. Yo is my grandmothers fresh baked cookies(: yo is my best friend. Whenever I need a friend, I click all my yo friends and I get this crazy and remarkable feeling like I just won a Grammy. If you're one of those people who needs something to believe in, then believe in yo. If you've been looking for the meaning to life, Don't look any further, yo is the answer. To whom it may concern, yo is my anti-drug.  I get chills everytime I get a yo. Look at it this way: if there was a fire at your work place, and there were no exits, what would you do? 
A. Tweet about it
B. Sit down
C. Write a letter to someone for help
D. Yo your location
If your answer was D, you were born a Yo-ist. If your answer was any of the others you're extremely dumb and should probably be concerned, but have no fear!!!!!! Yo can change that!!!! Yo has increased my intelligence by exactly 99.618382%, my gpa has Increased by .2, and I haven't forgotten to do any homework, ever since I clicked that install button. It's such a good feeling ya know? That feeling of pride you get when someone Yo's you! It makes me so proud to be in a country as free as the United States, the home of the brave, where one can yo whoever, whenever, wherever, it is truly exhilarating!",A2V3GBDTA9KEU0,Sarcastic,AKATCXM6HXIU7,Sarcastic,Yes,Sarcastic,2015-11-04 22:40:10 UTC
3L60IFZKF3IBVISJOQL5WDAQGHCHHL,Yo,"When the two of us downloaded yo, we individually recognized its potential to change the world. Yovangelist, @commapolice, encouraged me, @kploegs, to download yo with the ever-so persuasive argument of ""it's the app of the future."" For me, @matao57, yo found me at @commapolice's party. After I was throughly convinced of yo's yolosiphy and yocept, I eagerly pressed ""GET."" I, @matao57, started utilizing both the classic ""yo"" function, closely followed by ""yo links."" I would never be the same. As fate would have it, I, @kploegs, was at the same party as @matao57. One yo lead to another, and ""yo links"" turned into ""yo cations."" Soon, ""yo cations"" lead straight to ""yomance."" Forget Tinder, America, yo's the one you've been yearning for.",A1102MP1CZI32V,Sarcastic,A312KFQ78WB3A4,Sarcastic,Yes,Sarcastic,2015-11-04 22:39:29 UTC
3G9UA71JVVUATZHXZH2EHD1BF6K7JE,Yo,I never thought that an app could be so helpful. Me and my mate were stuck on a sinking boat in the middle of the North Atlantic.  So my friend yoed emergency services. And then we tried to use ubêr. But before I could send ubêr my location ES yoed us back there ETA.  And we survived.,A5LLSZG8YCAZF,Sarcastic,AR20RBERHIPN8,Sarcastic,Yes,Sarcastic,2015-11-04 22:42:32 UTC
